{
  "seq_composition|length": {
    "all": {
      "x": [
        9,
        34.519999999999996,
        60.04,
        85.56,
        111.08,
        136.6,
        162.12,
        187.64,
        213.16,
        238.68,
        264.2,
        289.71999999999997,
        315.24,
        340.76,
        366.28,
        391.8,
        417.32,
        442.84,
        468.36,
        493.88,
        519.4,
        544.92,
        570.4399999999999,
        595.96,
        621.48,
        647,
        672.52,
        698.04,
        723.56,
        749.08,
        774.6,
        800.12,
        825.64,
        851.16,
        876.68,
        902.1999999999999,
        927.72,
        953.24,
        978.76,
        1004.28,
        1029.8,
        1055.32,
        1080.84,
        1106.36,
        1131.8799999999999,
        1157.4,
        1182.92,
        1208.44,
        1233.96,
        1259.48,
        1285
      ],
      "y": [
        0.0013913066264791183,
        0.0012559020839212507,
        0.0018903880941520434,
        0.0028300452408391605,
        0.0033665780175803905,
        0.0031288477536721916,
        0.002373357894598885,
        0.002384859438754377,
        0.0028995773032337393,
        0.0024247821540048565,
        0.0016492834102643434,
        0.0016010909897119785,
        0.0016019940035093142,
        0.0013730087153226503,
        0.001023209686461327,
        0.0008694121786630637,
        0.0008867595489802351,
        0.0011478731175351372,
        0.0006476985278970224,
        0.0007385702321338222,
        0.0005643836233326343,
        0.00048629669338438023,
        0.00029015259119542883,
        0.0002573114051977164,
        0.00017813135328427062,
        0.00015465299455363305,
        0.00015736203594562967,
        0.00011568082014245324,
        0.00021201813420521017,
        0.000125804080080967,
        0.00010688831737895535,
        0.00012319009277290006,
        0.00010061474783959469,
        0.00009082417719483489,
        0.00008231683668312613,
        0.00008930331185195918,
        0.000050568772650604034,
        0.00004277433776836808,
        0.00003350656458522167,
        0.00005285007066491701,
        0.00006054945146322326,
        0.00003074999615126016,
        0.000029989563479822508,
        0.00003222333445217062,
        0.00003431452429862387,
        0.000031462901780732964,
        0.00002599729195477482,
        0.000035930443725429186,
        0.00003559775443167521,
        0.00006896173789100232
      ]
    },
    "non-human_only": {
      "x": [
        9,
        34.519999999999996,
        60.04,
        85.56,
        111.08,
        136.6,
        162.12,
        187.64,
        213.16,
        238.68,
        264.2,
        289.71999999999997,
        315.24,
        340.76,
        366.28,
        391.8,
        417.32,
        442.84,
        468.36,
        493.88,
        519.4,
        544.92,
        570.4399999999999,
        595.96,
        621.48,
        647,
        672.52,
        698.04,
        723.56,
        749.08,
        774.6,
        800.12,
        825.64,
        851.16,
        876.68,
        902.1999999999999,
        927.72,
        953.24,
        978.76,
        1004.28,
        1029.8,
        1055.32,
        1080.84,
        1106.36,
        1131.8799999999999,
        1157.4,
        1182.92,
        1208.44,
        1233.96,
        1259.48,
        1285
      ],
      "y": [
        0.0007437074902661272,
        0.0013082401024521952,
        0.002011040387097838,
        0.0028685766234383563,
        0.0033775781980429948,
        0.0032219200227109417,
        0.002542307075228603,
        0.002391457637433257,
        0.00263848182596275,
        0.0024091116327735005,
        0.001680423213169966,
        0.001644785856904774,
        0.0016298326593591258,
        0.0012778067224253626,
        0.0010236023641492765,
        0.0009197204587330092,
        0.0009301942843266597,
        0.0012759622751510062,
        0.0006767145303369291,
        0.0008182758586435641,
        0.0005981937749430208,
        0.0005442436921681796,
        0.00031619096131774995,
        0.0002643488182850284,
        0.00017555185664829318,
        0.00016171850209064156,
        0.0001600058010501704,
        0.0001245001910188646,
        0.00022199240409183696,
        0.00013392004674145594,
        0.00011606843205039122,
        0.00010691206879556469,
        0.00010658270321085869,
        0.00009024617020944153,
        0.00007970647149884982,
        0.00007746678552284875,
        0.0000474286441976627,
        0.000032738939119775506,
        0.00002819369405083283,
        0.000058231835376019206,
        0.000072789794220024,
        0.00003135560366401034,
        0.000019169077029888675,
        0.000034188147692481866,
        0.00003082861872848048,
        0.000028984171454127208,
        0.000021013524304242224,
        0.00003405640145859947,
        0.000026810358595067668,
        0.00005177626991578178
      ]
    },
    "human_only": {
      "x": [
        9,
        34.519999999999996,
        60.04,
        85.56,
        111.08,
        136.6,
        162.12,
        187.64,
        213.16,
        238.68,
        264.2,
        289.71999999999997,
        315.24,
        340.76,
        366.28,
        391.8,
        417.32,
        442.84,
        468.36,
        493.88,
        519.4,
        544.92,
        570.4399999999999,
        595.96,
        621.48,
        647,
        672.52,
        698.04,
        723.56,
        749.08,
        774.6,
        800.12,
        825.64,
        851.16,
        876.68,
        902.1999999999999,
        927.72,
        953.24,
        978.76,
        1004.28,
        1029.8,
        1055.32,
        1080.84,
        1106.36,
        1131.8799999999999,
        1157.4,
        1182.92,
        1208.44,
        1233.96,
        1259.48,
        1285
      ],
      "y": [
        0.0007691470143107216,
        0.0009259357693551932,
        0.0015556517673831719,
        0.0024744737093770016,
        0.003283173603816909,
        0.003391588332804101,
        0.0023205304852770767,
        0.002372888254656716,
        0.0028111000201167646,
        0.002490124129572005,
        0.0016868307439267332,
        0.0019489041439193944,
        0.001948904143919399,
        0.0019873188116707667,
        0.0012130498416598598,
        0.0008954885882485542,
        0.000909147136782374,
        0.000982277282057198,
        0.0006371143784837982,
        0.0006658542410237106,
        0.0006561794358122549,
        0.00044646380519923153,
        0.00026349616546493727,
        0.00022650426318584338,
        0.00021682945797438778,
        0.00015991883908347235,
        0.00018382129901765683,
        0.00009845537068128369,
        0.00023902459934184377,
        0.0001195122996709224,
        0.00007853665406946329,
        0.000219390435824479,
        0.0001195122996709224,
        0.00010500009185373896,
        0.00011467489706519458,
        0.00013630093224374184,
        0.000056910618890915427,
        0.00009020333094210096,
        0.000049796791529551005,
        0.000029308968728821442,
        0.00002674799087873025,
        0.000040975645601459106,
        0.00006630087100791647,
        0.00001821139804509294,
        0.00003841466775136757,
        0.000028455309445457713,
        0.00001394310162827428,
        0.00003898377394027707,
        0.000027032543973184827,
        0.000006544721172455275
      ]
    },